"DisplayName","Nationality"
"Pierre Bonnard","French"
"Georges Braque","French"
"Marc Chagall","French"
"Giorgio de Chirico","Italian"
"Robert Delaunay","French"
"André Derain","French"
"Raoul Dufy","French"
"Jean Fautrier","French"
"Jean-Louis Forain","French"
"Othon Friesz","French"
"Marcel Gromaire","French"
"Moïse Kisling","French"
"Marie Laurencin","French"
"Fernand Léger","French"
"Jean Lurçat","French"
"Henri Matisse","French"
"Joan Miró","Spanish"
"Pablo Picasso","Spanish"
"Georges Rouault","French"
"André Dunoyer de Segonzac","French"
"Chaim Soutine","French"
"Léopold Survage","French"
"Maurice Utrillo","French"
"Maurice de Vlaminck","French"
"Édouard Vuillard","French"
"Paul Klee","German"
"Wilhelm Lehmbruck","German"
"Aristide Maillol","French"
"Max Weber","American"
"Awa Tsireh (Alfonso Roybal)","American"
"Peggy Bacon","American"
"Ahron Ben-Shmuel","American"
"Peter Blume","American"
"Francisco Borès","Spanish"
"Alexander Brook","American"
"Jean Charlot","American"
"Miguel Covarrubias","Mexican"
"James Edward Davis","American"
"Isami Doi","American"
"Duncan Ferguson","American"
"John Bernard Flannagan","American"
"Charles L. Goeller","American"
"Arshile Gorky","American"
"Stefan Hirsch","American"
"Reginald Marsh","American"
"Reuben Nakian","American"
"Isamu Noguchi","American"
"Joseph Pollet","American"
"Concetta Scaravaglione","American"
"Ben Shahn","American"
"Pavel Tchelitchew","American"
"Franklin Chenault Watkins","American"
"Charles Burchfield","American"
"Thomas Eakins","American"
"Winslow Homer","American"
"Albert Pinkham Ryder","American"
"Rudolf Belling","German"
"Paul Cézanne","French"
"Charles Demuth","American"
"Charles Despiau","French"
"Preston Dickinson","American"
"Paul Gauguin","French"
"Vincent van Gogh","Dutch"
"George Overbury (""Pop"") Hart","American"
"Edward Hopper","American"
"Bernard Karfiol","American"
"Walt Kuhn","American"
"Yasuo Kuniyoshi","American"
"John Marin","American"
"Kenneth Hayes Miller","American"
"Georgia O'Keeffe","American"
"Jules Pascin","American"
"Georges-Pierre Seurat","French"
"John Sloan","American"
"Eugene Speicher","American"
"Maurice Sterne","American"
"Jean-Baptiste-Camille Corot","French"
"Honoré Daumier","French"
"Alfred H. Barr, Jr.","American"
"Gifford Beal","American"
"Paul Burlin","American"
"Alexander Calder","American"
"Vincent Canadé","American"
"Arthur B. Carles","American"
"Merton Clivette","American"
"Andrew Dasburg","American"
"Stuart Davis","American"
"Paul Dougherty","American"
"Arthur Dove","American"
"Guy Pène du Bois","American"
"Ernest Fiene","American"
"Arnold Friedman","American"
"William Glackens","American"
"Anna Glenny","American"
"Marsden Hartley","American"
"Childe Hassam","American"
"John Kane","American"
"Morris Kantor","American"
"Karl Knaths","American"
"Benjamin Kopman","American"
"Leon Kroll","American"
"Gaston Lachaise","American"
"Sidney Laufman","American"
"Robert Laurent","American"
"George Luks","American"
"Henry Lee McFee","American"
"Boardman Robinson","American"
"Charles Sheeler","American"
"Niles Spencer","American"
"Augustus Vincent Tack","American"
"Mark Tobey","American"
"William Zorach","American"
"Odilon Redon","French"
"Henri de Toulouse-Lautrec","French"
"Ernst Barlach","German"
"Willi Baumeister","German"
"Max Beckmann","German"
"Heinrich Campendonk","German"
"Otto Dix","German"
"Ernesto de Fiori","Italian"
"George Grosz","American"
"Erich Heckel","German"
"Karl Hofer","German"
"Ernst Ludwig Kirchner","German"
"Paul Kleinschmidt","German"
"Oskar Kokoschka","Austrian"
"Georg Kolbe","German"
"Franz Marc","German"
"Gerhard Marcks","German"
"Paula Modersohn-Becker","German"
"Johannes Molzahn","German"
"Otto Mueller","German"
"Emil Nolde","German"
"Max Pechstein","German"
"Christian Rohlfs","German"
"Oskar Schlemmer","German"
"Karl Schmidt-Rottluff","German"
"Georg Schrimpf","German"
"Renée Sintenis","German"
"Arthur B. Davies","American"
"Hilaire-Germain-Edgar Degas","French"
"Constantin Guys","French"
"Amedeo Modigliani","Italian"
"Claude Monet","French"
"Camille Pissarro","French"
"Charles Prendergast","American"
"Maurice Prendergast","American"
"Jean Renoir","French"
"Pierre-Auguste Renoir","French"
"Henri Rousseau","French"
"Paul Signac","French"
"Diego Rivera","Mexican"
"Philip Johnson","American"
"Alvar Aalto","Finnish"
"Thomas Adams","American"
"Uno Åhrén","Swedish"
"José Manuel Aizpúrua","Spanish"
"Alfons Anker","architect"
"Paul Artaria","Swiss"
"Johannes Brinkman","Dutch"
"Amyas Connell","British"
"Otto Eisler","Czech"
"Joseph Emberton","British"
"Luigi Figini","Italian"
"Bohuslav Fuchs","Czech"
"Walter Gropius","German"
"Gabriel Guevrekian","French"
"Max Ernst Haefeli","Swiss"
"Otto Haesler","German"
"Raymond Hood","American"
"George Howe","American"
"Frederick Kiesler","American"
"A. Lawrence Kocher","American"
"H.L. de Koninck","Belgian"
"Le Corbusier (Charles-Édouard Jeanneret)","French"
"William Lescaze","American"
"Wassili Luckhardt","German"
"André Lurçat","French"
"Robert Mallet-Stevens","French"
"Sven Markelius","Swedish"
"Erich Mendelsohn","American"
"Ludwig Mies van der Rohe","American"
"Paul Nelson","American"
"Richard Neutra","American"
"Ivan Nikolaev","Russian"
"J. J. Pieter Oud","Dutch"
"Gino Pollini","Italian"
"Gerrit Rietveld","Dutch"
"Hans Schmidt","Swiss"
"Stein Clarence","American"
"Eskil Sundahl","Swedish"
"Frank Lloyd Wright","American"
"Berenice Abbott","American"
"Maurice Becker","American"
"George Biddle","American"
"Henry Billings","American"
"Glenn O. Coleman","American"
"Philip Evergood","American"
"Hugo Gellert","American"
"Betram Goodman","American"
"William Gropper","American"
"Edward Laning","American"
"George Platt Lynes","American"
"Jan Matulka","American"
"Henry Varnum Poor","American"
"William Rittase","American"
"Thurman Rotan","American"
"Stella F. Simon","American"
"Edward Steichen","American"
"Luke Swank","American"
"Byron Thomas","American"
"A. F. Bellows","American"
"Lovis Corinth","German"
"Louis Michel Eilshemius","American"
"James Ensor","Belgian"
"Jacob Epstein","British"
"Augustus John","British"
"Roger de La Fresnaye","French"
"Piet Mondrian","Dutch"
"José Clemente Orozco","Mexican"
"Pierre Roy","French"
"Abraham Walkowitz","American"
"Vasily Kandinsky","French"
"Édouard Manet","French"
"Aleksandr Rodchenko","Russian"
"Gino Severini","Italian"
"George Barnard","American"
"George Bellows","American"
"Thomas Hart Benton","American"
"Ralph Albert Blakelock","American"
"Mary Cassatt","American"
"William Merritt Chase","American"
"Jo Davidson","American"
"Thomas Wilmer Dewing","American"
"Frank Duveneck","American"
"Samuel Halpert","American"
"Robert Henri","American"
"George Inness","American"
"Rockwell Kent","American"
"John La Farge","American"
"Ernest Lawson","American"
"Paul Manship","American"
"Homer Dodge Martin","American"
"Frederic Remington","American"
"Charles Cary Rumsey","American"
"Augustus Saint-Gaudens","American"
"John Singer Sargent","American"
"Joseph Stella","American"
"Abbott Henderson Thayer","American"
"John Henry Twachtman","American"
"J. Alden Weir","American"
"James McNeill Whistler","American"
"Gertrude Vanderbilt Whitney","American"
"Alexander Helwig Wyant","American"
"Matilda A. Haviland","American"
"Edward Hicks","American"
"Joseph Pickett","American"
"Henry Hobson Richardson","American"
"Louis Sullivan","American"
"André Bauchant","French"
"Othon Coubine (or Otakar Kubin)","Czech"
"Henri Fantin-Latour","French"
"Anne Goldthwaite","American"
"Albert Herter","American"
"Bradley Walker Tomlin","American"
"Constantin Brancusi","French"
"Henri Gaudier-Brzeska","French"
"Eric Gill","British"
"John Storrs","American"
"Bauhaus","German"
"Andries Dirk Copier","Dutch"
"Georges de Feure","French"
"Charlotte Perriand","French"
"Louis Comfort Tiffany","American"
"Jan Tschichold","Swiss"
"Wilhelm Wagenfeld","German"
"George Fred Keck","American"
"Paul Schweiker","American"
"Raoul Hague","American"
"Carlos Mérida","Guatemalan"
"David Alfaro Siqueiros","Mexican"
"Harold Weston","American"
"Rudolph Bauer","American"
"Eugene Berman","American"
"Salvador Dalí","Spanish"
"Max Ernst","French"
"Juan Gris","Spanish"
"Jean Hugo","French"
"André Masson","French"
"László Moholy-Nagy","American"
"Kristians Tonny","Dutch"
"Jean Hélion","French"
"Jacques Mauny","French"
"Walker Evans","American"
"Hermann Haller","Swiss"
"Ivan Le Lorraine Albright","American"
"Mabel Alvarez","American"
"Julius Bloch","American"
"Ernest Blumenschein","American"
"Aaron Bohrod","American"
"Cameron Booth","American"
"Adolphe Borie","American"
"Kenneth Callahan","American"
"John Carroll","American"
"Clarence H. Carter","American"
"Francis Chapin","American"
"Rinaldo Cuneo","American"
"Gustaf Oscar Dalström","American"
"William A. Gaw","American"
"Victor Higgins","American"
"Alexandre Hogue","American"
"Charles Hopkinson","American"
"Joe Jones","American"
"Henry George Keller","American"
"Erle Loran","American"
"Herman Maril","American"
"Henry McCarter","American"
"Charles Quest","American"
"Louisa W. Robins","American"
"Robert S. Rogers","American"
"William S. Schwartz","American"
"Grant Wood","American"
"Adolphe Appia","Swiss"
"Léon Bakst","Russian"
"Jean Bérain","French"
"Claude Bragdon","American"
"Edward Gordon Craig","British"
"Walter Dexel","German"
"Mstislav Dobuzhinsky","Russian-Lithuanian"
"Henry Dreyfuss","American"
"Claud Lovat Fraser","British"
"Fabrizio Galliari","Italian"
"Norman Bel Geddes","American"
"Alexander Golovine","Russian"
"Natalia Goncharova","Russian"
"Isaac Grunewald","Swedish"
"Antonin Heythum","American"
"Vlastislav Hofman","Czech"
"Filippo Iuvara","Italian"
"Inigo Jones","English"
"Robert Edmond Jones","American"
"Jacques de Lajoue","French"
"Mikhail Larionov","Russian"
"Arch Lauterer","American"
"Vladimir Lebedev","Russian"
"Konstantin Medunetsky","Russian"
"Jo Mielziner","American"
"Janis Muncis","Russian"
"Ignatii Nivinskii","Russian"
"Donald M. Oenslager","American"
"Hans Poelzig","German"
"Francesco Primaticio","Italian"
"Charles Ricketts","English"
"Sebastiano Serlio","Italian"
"Sergei Soudeikine","Russian"
"Georgii Stenberg","Russian"
"Vladimir Stenberg","Russian"
"Oskar Strnad","Austrian"
"Aluminum Company of America, Pittsburgh, Pennsylvania","American"
"The Aluminum Cooking Utensil Co., New York, NY","American"
"American Steel & Wire Co., Worcester, MA","American"
"Brown & Sharpe Mfg. Co., Providence, RI","American"
"Chase Brass & Copper Co., Waterbury, CT","American"
"Coors Porcelain Co., Golden, CO","American"
"Corning Glass Works","American"
"Eugene Dietzgen Company, New York, NY","American"
"Henry Disston & Sons, Inc.","American"
"Eimer & Amend, New York, NY","American"
"Lurelle Guild","American"
"Josef Hoffmann","Austrian"
"Frank Graham Holmes","American"
"Nathan George Horwitt","American"
"Gustav Jensen","Nationality unknown"
"Lalance & Grosjean Mfg. Co., Woodhaven, NY","American"
"Lenox, Inc., Trenton, NJ","American"
"Walter Von Nessen","American"
"Owens-Illinois Glass Co., Toledo, OH","American"
"Polar Ware Company, Sheboygan, WI","American"
"Revere Copper and Brass, Inc., Rome, NY","American"
"S.K.F. Industries, Inc., Hartford, CT","American"
"Scovill Mfg. Co., Plumbers Brass Goods Div., Waterbury, CT","American"
"A. H. Staf","American"
"Sullivan Shipyards, Inc.","American"
"Walter Dorwin Teague","American"
"Thonet Brothers","Austrian"
"Kurt Versen","American"
"Westinghouse Electric & Mfg. Co., NY","American"
"Sven Wingquist","Swedish"
"Russel Wright","American"
"The Yale & Towne Mfg. Co., Stamford, CT","American"
"Carl Zeiss, Inc.","German"
"Sir Charles Barry","English"
"Jacques-Felix Duban","French"
"Leo von Klenze","German"
"Karl Friedrich Schinkel","German"
"John Trumbull","American"
"Eugène Delacroix","French"
"Maurice Denis","French"
"James Brooks","American"
"Lyonel Feininger","American"
"Pablo Gargallo","Spanish"
"Käthe Kollwitz","German"
"Georg Scholz","German"
"Prentiss Taylor","American"
"Francisco de Goya","Spanish"
"A. S. Baylinson","American"
"Julia Eckel","Nationality unknown"
"Malvin Gray Johnson","American"
"Georgina Klitgaard","American"
"Millard Sheets","American"
"Harry Shokler","American"
"Aleksandr Archipenko","American"
"Jean (Hans) Arp","French"
"Giacomo Balla","Italian"
"Christian Bérard","French"
"Massimo Campigli","Italian"
"Katherine S. Dreier","American"
"Marcel Duchamp","American"
"Raymond Duchamp-Villon","French"
"Hilaire Hiler","American"
"Jacques Lipchitz","American"
"Ewald Mataré","German"
"Antoine Pevsner","French"
"Kurt Schwitters","German"
"Florine Stettheimer","American"
"Lincoln Kirstein","American"
"George Caleb Bingham","American"
"James Johnson Sweeney","American"
"Emile Branchard","American"
"El Greco","Greek"
"Marguerite Zorach","American"
"George Morris","British"
"Monroe Wheeler","American"
"Cedric Gibbons","American"
"Irving Gill","American"
"William Wilson Wurster","American"
"A. M. Cassandre","French"
"Karl Free","American"
"Max Jacob","French"
"Per Krohg","Norwegian"
"Albert Marquet","French"
"Alfred H. Maurer","American"
"Wilson Steer","British"
"Herbert Bayer","American"
"Umberto Boccioni","Italian"
"Marcel Breuer","American"
"Francis Bruguière","American"
"Carlo Carrà","Italian"
"Pierre Chareau","French"
"Theo van Doesburg (Christian Emil Marie Küpper)","Dutch"
"César Domela-Nieuwenhuis","Dutch"
"Cornelis van Eesteren","Dutch"
"Viking Eggeling","Swedish"
"Fritz Hellmut Ehmcke","German"
"Alexandra Exter","Russian"
"Naum Gabo","American"
"Iraklii Gamrekeli","Georgian"
"Aleksei Gan (Hahn)","Russian"
"Alberto Giacometti","Swiss"
"Willem Hendrik Gispen","Dutch"
"Albert Gleizes","French"
"Julio González","Spanish"
"Josef Hartwig","German"
"Robert van't Hoff","Dutch"
"Vilmos Huszar","Dutch"
"E. McKnight Kauffer","American"
"Gustav Klutsis","Latvian"
"Frantiek Kupka","Czech"
"Henri Laurens","French"
"Hans Leistikow","German"
"Willem van Leusden","Dutch"
"Wyndham Lewis","British"
"El Lissitzky","Russian"
"Berthold Lubetkin","British"
"Kazimir Malevich","Russian"
"Man Ray","American"
"Louis Marcoussis","Polish"
"Charles Martin","American"
"Henry Moore","British"
"C. O. Muller","German"
"Ben Nicholson","British"
"Amédée Ozenfant","French"
"Francis Picabia","French"
"Giovanni-Battista Piranesi","Italian"
"Lyubov Popova","Russian"
"Enrico Prampolini","Italian"
"Hans Richter","American"
"Luigi Russolo","Italian"
"Antonio Sant'Elia","Italian"
"Joost Schmidt","German"
"Sergei Senkin","Russian"
"Varvara Stepanova","Russian"
"David Sterenberg","American"
"Yves Tanguy","American"
"Vladimir Tatlin","Russian"
"Georges Vantongerloo","Belgian"
"Jacques Villon","French"
"Natan Al'tman","Russian"
"Iurii Annenkov","Russian"
"André Beaudin","French"
"Émile Bernard","French"
"Émile-Antoine Bourdelle","French"
"Edouard-Léon-Louis Edy-Legrand","French"
"Wharton Esherick","American"
"Pierre Laprade","French"
"André Lhote","French"
"Max Liebermann","German"
"Mariette Lydis","Austrian"
"Frans Masereel","Belgian"
"Luc-Albert Moreau","French"
"John Northcote Nash","British"
"Paul Nash","British"
"Auguste Rodin","French"
"Max Slevogt","German"
"Nikolai Andreevich Tyrsa","Russian"
"Louis I. Kahn","American"
"Erik Gunnar Asplund","Swedish"
"Léon Azéma","French"
"Luciano Baldessari","Italian"
"Erik Bryggman","Finnish"
"Jacques Carlu","French"
"René Crevel","French"
"Oswald Haerdtl","Austrian"
"John Augur Holabird","American"
"Adolf Meyer","German"
"Lilly Reich","German"
"Mario Sironi","Italian"
"Dorothy C. Miller","American"
"Mick Arsena","American"
"Frances Avery","American"
"Vera Baker","American"
"Patrocino Barela","American"
"Charles Barrows","American"
"Alphonso Basile","American"
"Fred Becker","American"
"Rainey Bennett","American"
"Lucienne Bloch","American"
"Ilya Bolotowsky","American"
"A. Borrosco","American"
"Harry Bowden","Nationality unknown"
"Raymond Breinin","American"
"Byron Browne","American"
"Alfredo Casale","American"
"Pedro Cervantez","American"
"George Constant","American"
"Francis Criss","British"
"Allan Rohan Crite","American"
"Alfred Crowley","American"
"Willem de Kooning","American"
"Donald Donovan","American"
"Hyman Dorfman","American"
"P. Dublinsky","American"
"Mabel Dwight","American"
"Carlus Dyer","American"
"Stuart Edie","American"
"Isaiah Eisen","American"
"Seymour Fogel","American"
"Donald Forbes","American"
"Karl Fortess","American"
"Joe Ganello","American"
"Emil Ganso","American"
"Oronzo Gasparo","American"
"Eugenie Gershoy","American"
"Aaron Goodelman","American"
"Harry Gottlieb","American"
"Balcomb Greene","American"
"O. Louis Guglielmi","American"
"John P. Heins","American"
"Leon Kelly","American"
"Paul Kelpe","American"
"Joan Knobe","American"
"Lawrence Kupferman","American"
"Sebastian Lanotte","American"
"Lawrence Lebduska","American"
"Julian E. Levi","American"
"Jack Levine","American"
"Donald Liguore","American"
"Charles Locke","American"
"Loren MacIver","American"
"McCarthy","American"
"George McNeil","American"
"Mike Mosco","American"
"Louis Novar","American"
"William C. Palmer","American"
"Gregorio Prestopino","American"
"Anton Refregier","American"
"Misha Reznikoff","American"
"Rhoda Rich","American"
"Helen Rimland","American"
"José de Rivera","American"
"Hugo Robus","American"
"James Rosenquist","American"
"Lena Safer","American"
"Robert Shubert","American"
"Mitchell Siporin","American"
"Raphael Soyer","American"
"Harry Sternberg","American"
"Albert Swinden","Nationality unknown"
"Rufino Tamayo","Mexican"
"Bumpei Usui","Japanese"
"Frede Vidar","American"
"Karl Zerbe","American"
"John Singleton Copley","American"
"Alfred Stieglitz","American"
"Russell Barnett Aitken","American"
"Louis Aragon","French"
"Giuseppe Arcimboldo","Milanese"
"Johannes Baader","German"
"Johannes Theodor Baargeld (Alfred Emanuel Ferdinand Gruenwald)","German"
"Hans Baldung (Grien)","German"
"John Banting","British"
"Hans Bellmer","German"
"Vilhelm Bjerke-Petersen","Danish"
"William Blake","British"
"Hieronymus Bosch","Netherlandish"
"Victor Brauner","Romanian"
"Rodolphe Bresdin","French"
"André Breton","French"
"Pieter Bruegel I","Flemish"
"Luis Buñuel","Spanish"
"Edward Burra","British"
"Wilhelm Busch","German"
"Jacques Callot","French"
"Lewis Carroll (Charles Lutwidge Dodgson)","British"
"Federico Castellon","American"
"Ferdinand Cheval","French"
"René Clair","French"
"Emile Cohl","French"
"Thomas Cole","American"
"Joseph Cornell","American"
"George Cruikshank","British"
"Oscar Domínguez","French"
"Germaine Dulac","French"
"Paul Eluard","French"
"Lorser Feitelson","American"
"Oronce Fine","French"
"Wilhelm Freddie","Danish"
"Johann Heinrich Füssli","Swiss"
"Bernard Gaillot","French"
"C. Allan Gilbert","American"
"André Gill","French"
"James Gillray","British"
"Hector Guimard","French"
"Raoul Hausmann","Austrian"
"Elizabeth King Hawley","American"
"Stanley William Hayter","British"
"Hannah Höch","German"
"William Hogarth","English"
"Jean Hoisington","American"
"Hans Holbein, the younger","German"
"Georges Hugnet","French"
"Valentine Hugo","French"
"Victor Hugo","French"
"Peter Huys","Flemish"
"Wenzel Jamnitzer","German"
"Marcel Janco","Israeli"
"Marcel Jean","French"
"Sven Jonson","Swedish"
"Waldo Kaufer","American"
"Alfred Kubin","Austrian"
"Kukryniksy","Russian"
"Edward Lear","British"
"Helen Lundeberg","American"
"Dora Maar (Henriette Theodora Markovitch)","French"
"René Magritte","Belgian"
"Georges Méliès","French"
"Knud Merrild","American"
"Charles Meryon","French"
"E.L.T. (Edouard Léon Théodore) Mesens","Belgian"
"Reinhold Nägele","German"
"Richard Oelze","German"
"Axel Olson","Swedish"
"Meret Oppenheim","Swiss"
"Wolfgang Paalen","Austrian"
"Roland Penrose","British"
"Edwin S. Porter","American"
"Wallace Putnam","American"
"Charles Ramelet","French"
"Georges Ribemont-Dessaignes","French"
"Christian Schad","German"
"Kurt Seligmann","American"
"Sophie Taeuber-Arp","Swiss"
"Emilio Terry","French"
"Esias Thoren","Swedish"
"James Thurber","American"
"Tristan Tzara","French"
"Giovanni da Udine","Italian"
"Leonardo da Vinci","Italian"
"Robert Wiene","German"
"George A. Wotherspoon","American"
"Ruth Reeves","American"
"Gilbert Rohde","American"
"Henry Percy Adams","British"
"John James Burnet","Scottish"
"Serge Chermayeff","British"
"Edwin Maxwell Fry","British"
"Frederick Gibberd","English"
"Charles Holden","British"
"C. H. James","British"
"Geoffrey Allan Jellicoe","British"
"Felix J. Lander","British"
"Herbert Arthur Welch","British"
"Sir Evan Owen Williams","British"
"F.R.S. Yorke","English"
"John Ferren","American"
"Barbara Hepworth","British"
"De Hirsh Margules","American"
"Frank Mechau","American"
"Jean Xcéron","American"
"Beaumont Newhall","American"
"Ansel Adams","American"
"Antoine Samuel Adam-Salomon","French"
"Robert Adamson","British"
"Laure Albin-Guillot","French"
"James Craig Annan","British"
"Ottomar Anschütz","German"
"Eugène Atget","French"
"Édouard-Denis Baldus","French"
"Hippolyte Bayard","French"
"Cecil Beaton","British"
"Pierre Betz","French"
"Ilse Bing","American"
"Auguste Rosalie Bisson","French"
"Louis-Auguste Bisson","French"
"Erwin Blumenfeld","German"
"Margaret Bourke-White","American"
"Mathew B. Brady","American"
"Brassaï (Gyula Halász)","French"
"Adolphe Braun","French"
"A. de Brebisson","French"
"Anton Bruehl","American"
"Martin Bruehl","Austrian"
"André Calmettes","French"
"Julia Margaret Cameron","British"
"Pat Candido/The New York Daily News","Nationality unknown"
"Etienne Carjat","French"
"Henri Cartier-Bresson","French"
"Alvin Langdon Coburn","American"
"Leon Cremière","French"
"Imogen Cunningham","American"
"Louis-Jacques-Mandé Daguerre","French"
"Louise Dahl-Wolfe","American"
"Robert Demachy","French"
"Alexander Dovzhenko","Russian"
"Carl Theodor Dreyer","Danish"
"Maxime Du Camp","French"
"DuPont","Belgian"
"Dr. Harold E. Edgerton","American"
"Sergei Eisenstein","Russian"
"Peter Henry Emerson","British"
"Hugo Erfurth","German"
"Frank Eugene","American"
"Theodore Lux Feininger","American"
"Roger Fenton","British"
"Robert Flaherty","American"
"Gertrude Fuld","German"
"Girard","Nationality unknown"
"David Wark Griffith","American"
"Josiah Johnson Hawes","American"
"Walter Hege","German"
"Fritz Henle","American"
"Hugo Henneberg","Austrian"
"Florence Henri","American"
"David Octavius Hill","British"
"J. B. Holmes","British"
"Pierre Jahan","French"
"Theodor Jung","American"
"Gertrude Käsebier","American"
"Joseph Turner Keiley","American"
"André Kertész","American"
"Dmitri Kirsanov","French"
"François Kollar","French"
"Charles Krutch","American"
"Heinrich Kühn","German"
"Fritz Lang","Austrian"
"Henri Le Secq","French"
"Lege & Bergeron","French"
"Fay Sturtevant Lincoln","American"
"Louis Lumière","French"
"Ira Martin","American"
"Paul Martin","British"
"Charles Marville","French"
"Herbert Matter","American"
"John Jabez Edwin Mayall","British"
"Curtis Moffat","British"
"John Moffat","Scottish"
"Martin Munkácsi","American"
"Nickolas Muray","American"
"F.W. Murnau","German"
"Eadweard J. Muybridge","American"
"Nadar (Gaspard-Félix Tournachon)","French"
"Paul Nadar","French"
"Charles Nègre","French"
"Timothy O'Sullivan","American"
"Paul Outerbridge","American"
"G. W. Pabst","Austrian"
"Roger Parry","French"
"Pierre Petit","French"
"Vsevolod Pudovkin","Russian"
"Edme Quenedey","French"
"Oscar G. Rejlander","British"
"Henry Peach Robinson","British"
"Rogi André (Rozsa Klein)","Hungarian"
"George H. Seeley","American"
"Peter Sekaer","American"
"Mack Sennett","American"
"Ralph Steiner","American"
"Captain Albert W. Stevens","American"
"Paul Strand","American"
"Maurice Tabard","French"
"William Henry Fox Talbot","British"
"Alfredo Valente","American"
"William Warnecke","American"
"Hans Watzek","Austrian"
"Paul Wegener","German"
"Brett Weston","American"
"Edward Weston","American"
"John Adams Whipple","American"
"Clarence H. White","American"
"Ylla","American"
"Chaim Gross","American"
"John Steuart Curry","American"
"Jonas Lie","American"
"Mauricio Amster","Spanish"
"Lester Beall","American"
"Antonio Bisquert","Spanish"
"Cañavate","Spanish"
"Jesús Lozano","Spanish"
"Melendreras","Spanish"
"Oliver","Spanish"
"Iris Barry","American"
"Herbert Ferber","American"
"Albert Friscia","American"
"Hananiah Harari","American"
"Abraham Harriton","American"
"Milton Elting Hebald","American"
"Claire (Claire Mahl) Moore","American"
"Elizabeth Olds","American"
"De Vaulchier & Blow","American"
"Luis Quintanilla","Spanish"
"Camille Bombois","French"
"Jean Ève","French"
"Séraphine Louis","French"
"Dominique-Paul Peyronnet","French"
"Louis Vivin","French"
"Elizabeth Mock","American"
"Washington Allston","American"
"John Taylor Arms","American"
"John James Audubon","American"
"Frank Benson","American"
"James Wallace Black","American"
"Robert Brackman","American"
"Andrew R. Butler","American"
"Paul Cadmus","American"
"Charlie Chaplin","British"
"Nicolai Cikovsky","American"
"Howard Cook","American"
"Alan Crosland","American"
"Currier and Ives","American"
"Nathaniel Currier","American"
"Adolf Dehn","American"
"Kerry Eby","American"
"Eliot Elisofon","American"
"Laureen Ford","American"
"David Fredenthal","American"
"Ada V. Gabriel","American"
"Wanda Gág","American"
"Alexander Gardner","American"
"Walter Gay","American"
"Minna R. Harkavy","American"
"William M Harnett","American"
"Alfred A. Hart","American"
"Herbert Haseltine","American"
"Eugène Higgins","American"
"Lewis W. Hine","American"
"William Morris Hunt","American"
"Thomas H. Ince","American"
"Eastman Johnson","American"
"Buster Keaton","American"
"Armin Landeck","American"
"Dorothea Lange","American"
"Arthur Lee","American"
"Russell Lee","American"
"Martin Lewis","American"
"Louis Lozowick","American"
"Samuel Finley Breese Morse","American"
"Elie Nadelman","American"
"Raphaelle Peale","American"
"Joseph Pennell","American"
"Robert Riggs","American"
"Doris Rosenthal","American"
"Ernest David Roth","American"
"Arthur Rothstein","American"
"Andrew Joseph Russell","American"
"C. R. Savage","American"
"Southworth and Hawes","American"
"Peter Stackpole","American"
"Albert Sterner","American"
"George Stevens","American"
"Willard Van Dyke","American"
"William Vandivert","American"
"Erich von Stroheim","French"
"Carl Walters","American"
"Stow Wengenroth","American"
"Levon West","Nationality unknown"
"Sam Wood","American"
"Mahonri M. Young","American"
"Edward Durell Stone","American"
"George Nelson","American"
"Gordon Bunshaft","American"
"Percival Goodman","American"
"Eero Saarinen","American"
"Paul Lester Wiener","American"
"Cambridge Glass Company, Cambridge, OH","American"
"The Christy Co., Freemont, OH","American"
"Kensington, Inc., New Kensington, PA","American"
"Landers, Frary & Clark, New Britain, CT","American"
"Libbey Glass Company Division, Owens-Illinois Co., Toledo, OH, established 1818","American"
"Carlo Scarpa","Italian"
"G.M. Thurnauer Co., Czechoslovakia","Czech"
"Paolo Venini","Italian"
"Volupte Inc.","American"
"Albert Eugene Gallatin","American"
"Adams-Teltscher, Georg","Austrian"
"Anni Albers","American"
"Josef Albers","American"
"Mordecai Ardon (Ardon-Bronstein)","Israeli"
"Hannes Beckmann","American"
"Otti Berger","Yugoslav"
"Max Bill","Swiss"
"Theodor Bogler","German"
"Marianne Brandt","German"
"Hin Bredendieck","German"
"Peer Bücking","German"
"Christian Dell","German"
"Erich Dieckmann","German"
"Franz Ehrlich","German"
"Werner David Feist","German"
"Gustav Hassenpflug","German"
"Albrecht Heubner","German"
"Ludwig Hirschfeld-Mack","German"
"Hubert Hoffmann","German"
"Johannes Itten","Swiss"
"Carl Jakob Jucker","Swiss"
"Peter Keler","German"
"Juliet Kepes","American"
"Otto Lindig","German"
"Heinz Loew","German"
"Else Mögelin","German"
"Farkas Molnár","Hungarian"
"Oscar Niemeyer","Brazilian"
"Karl Otten","German"
"Gyula Pap","Hungarian"
"Hans Przyrembel","German"
"Otto Rittweger","German"
"Karl-Peter Röhl","German"
"Alfred Roth","Swiss"
"Kurt Schmidt","German"
"Alma Siedhoff-Buscher","German"
"Naum Slutzky","Ukrainian"
"Gunta Stölzl","Swiss"
"Wolfgang Tümpel","German"
"Marguerite Wildenhain","American"
"Fritz Winter","German"
"Charles Bulfinch","American"
"Philip L. Goodwin","American"
"Wallace K. Harrison","American"
"Thomas Jefferson","American"
"Peter Pfisterer","Swiss"
"Hugh Stubbins Jr.","American"
"Lawrence B. Anderson","American"
"Antonin Raymond","American"
"Kenneth Showell","American"
"Ralph Rapson","American"
"Saul Baizerman","American"
"Balthus (Baltusz Klossowski de Rola)","French"
"Walter Greaves","English"
"Oscar Jespers","Belgian"
"Fletcher Martin","American"
"Edvard Munch","Norwegian"
"Cândido Portinari","Brazilian"
"Stanley Spencer","British"
"Heinz Warneke","American"
"Eugène Beaudouin","French"
"R. Buckminster Fuller","American"
"GATCPAC","Catalan"
"William Holabird","American"
"Arne Jacobsen","Danish"
"Pierre Jeanneret","Swiss"
"Marcel Lods","French"
"Michael Thonet","Austrian"
"Sidney Janis","American"
"R. J. Bump","American"
"Cleo Crawford","American"
"Alex Fletcher","American"
"Gene Frances","American"
"Fred Fredericks","American"
"Bernard Frouchtben","American"
"Morris Hirshfield","American"
"Hazel Knapp","American"
"Samuel Koch","American"
"Dorothy B. Leake","American"
"Flora Lewis","American"
"Anna Maria Robertson Moses","American"
"Rev. W. S. Mulholland","American"
"Byron Randall","American"
"Pasquale (Patsy) Santo","American"
"Ella Southworth","American"
"Gregorio Valdes","American"
"Dahlov Zorach Ipcar","American"
"Alsterfors, Sweden","Swedish"
"Blenko Glass Co., Inc., Milton, WV","American"
"Goodell Co., Antrim, NH","American"
"A.H. Heisey & Co., Newark, Ohio","American"
"Hemco Plastics Div. of Bryant Electrical Co., Bridgeport, CT","American"
"Hughes-Autograf Brush Co., Inc., NY","American"
"James Prestini","American"
"Rohm & Haas Co.","American"
"Josiah Wedgwood","British"
"Heinz Henghes (G. H. Clusmann)","British"
"M. Schimmel","Nationality unknown"
"Eliot Noyes","American"
"Eliel Saarinen","Finnish"
"Clarence Kennedy","American"
"Fra Angelico","Florentine"
"Giovanni Bellini","Venetian"
"Sandro Botticelli","Florentine"
"Caravaggio","Italian"
"Correggio","Italian"
"Guercino","Italian"
"Alessandro Longhi","Italian"
"Andrea Mantegna","Italian"
"Michelangelo","Italian"
"Pollaiuolo","Italian"
"Raphael Sanzio","Italian"
"Gertrude Abercrombie","American"
"Roff Beman","American"
"Lily Cushing","American"
"Morris Graves","American"
"Joseph Hirsch","American"
"Dong Kingman","American"
"Edward Millman","American"
"Everett Spruce","American"
"Raoul Pe?ne Du Bois","American"
"Manolo (Manuel Martínez Hugué)","Spanish"
"Francois Pompon","French"
"Douglass Crockwell","American"
"Carlos Andreson","American"
"Sarah Berman","American"
"Joseph Binder","American"
"Mortimer Borne","American"
"Julian De Miskey","French"
"Victor De Pauw","American"
"Alexander Dobkin","American"
"Karl Edelman","American"
"Hugh Ferriss","American"
"Thomas George","American"
"Samuel Glankoff","American"
"Joseph Webster Golinkin","American"
"Gordon Grant","American"
"John Groth","American"
"Philip Guston","American"
"Robert Gwathmey","American"
"John Heliker","American"
"Mitchell Jamieson","American"
"Chet La More","American"
"Jacob Landau","American"
"Russell Limbach","American"
"Carl Pickhardt","American"
"Leonard Pytlak","American"
"Bernard Steffen","American"
"Jack Tworkov","American"
"Rudolph Von Ripper","American"
"Sylvia Wald","American"
"Roberto Montenegro","Mexican"
"Manuel Alvarez Bravo","Mexican"
"Raúl Anguiano","Mexican"
"Doctor Atl","Mexican"
"Julio Castellanos","Mexican"
"Fernando Castillo","Mexican"
"José Chávez Morado","Mexican"
"Francisco Dosamantes","Mexican"
"Baltasar de Echave Ibia","Mexican"
"Gabriel Fernández Ledesma","Mexican"
"Francisco Goitia","Mexican"
"Jesús Guerrero Galvan","Mexican"
"Frida Kahlo","Mexican"
"Agustín Lazo","Mexican"
"Leopoldo Méndez","Mexican"
"Guillermo Meza","Mexican"
"José-Guadalupe Posada","Mexican"
"Manuel Rodríguez Lozano","Mexican"
"Antonio Ruiz","Mexican"
"Tebo (Angel Torres Jaramillo)","Mexican"
"Alfredo Zalce","Mexican"
"Edward Chavez","American"
"José De Creeft","American"
"Louis Dlugosz","American"
"Maurice Grosser","American"
"Abraham Rattner","American"
"Dean Fausett","American"
"Bohuslav Kokoschka","Austrian"
"W.R. Case & Sons Cutlery Co., Bradford, PA","American"
"Drain-Dri Co., San Francisco, CA","American"
"Duplex Appliance Co., Springfield, MA","American"
"The Ironrite Ironer Co., Detroit, MI","American"
"Richard Kelly","American"
"W. O. Langille","American"
"Lorraine Metal Mfg. Co., NY","American"
"I. Niedeman","Nationality unknown"
"C.S. Osborne & Co., Newark, NJ","American"
"Pen N Pencil Co., New York, NY","American"
"Seneca Glass Co.","American"
"Sewell Mfg. Co., Dayton, OH","American"
"W. Archibald Welden","American"
"The Winsted Hardware Manufacturing Co., Winsted, CT","American"
"Judson Briggs","American"
"Max Arthur Cohn","American"
"Todros Geller","American"
"Ruth Gikow","American"
"Riva Helfond","American"
"Misch Kohn","American"
"Edward Landon","American"
"Hulda Robbins","American"
"Hyman Warsager","American"
"Ralston Crawford","American"
"Mervin Jules","American"
"Emilio Soyer","Peruvian"
"Ruth Bernhard","American"
"Arnold Genthe","American"
"Helen Levitt","American"
"Lisette Model","American"
"Dorothy Norman","American"
"Eliot Porter","American"
"Malvina Hoffman","American"
"René d'Harnoncourt","American"
"John Wallace","Canadian"
"Darrel Austin","American"
"Roberto Berdecio","Bolivian"
"Joan Brockway","American"
"Austen Chauncey","American"
"Sydney Fossum","American"
"John Ross Minty","American"
"Richard Munsell","American"
"Irene Rice Pereira","American"
"James Pike","Nationality unknown"
"Bernard Walsh","American"
"Cundo Bermúdez","Cuban"
"A. Laurens","Nationality unknown"
"Edward Ardizzone","British"
"John Armstrong","British"
"Edward Bawden","British"
"Muirhead Bone","British"
"William Conor","Irish"
"Frank Dobson","British"
"Evelyn Dunbar","British"
"Richard Eurich","British"
"Reginald Grenville Eves","British"
"Barnett Freedman","British"
"Ethel Gabain","French"
"Harold Gilman","English"
"Anthony Gross","British"
"A.S. Hartrick","British"
"Keith Henderson","British"
"Eric Henri Kennington","British"
"John Mansbridge","British"
"David Brown Milne","Canadian"
"William Orpen","Irish"
"John Piper","British"
"William Roberts","British"
"William Rothenstein","English"
"Graham Sutherland","British"
"Edward Wadsworth","British"
"Arbit Blatas","American"
"Adja Yunkers","American"
"Toni Hughes","American"
"Emil Cardinaux","Swiss"
"Alois Carigiet","Swiss"
"Jules Chéret","French"
"Howard Chandler Christy","American"
"Eugène Grasset","French"
"Frank Greco","American"
"Ludwig Hohlwein","German"
"Pere Catala Pic","Spanish"
"Lovis Rhead","American"
"Otis Shepard","American"
"Théophile-Alexandre Steinlen","French"
"Ludwig Bemelmans","American"
"Théodore Géricault","French"
"John Tenniel","English"
"John Atherton","American"
"George Giusti","American"
"Xanti Schawinsky","American"
"Jean-Léon Gérôme","French"
"John D. (Ivan Dombrowski) Graham","American"
"Pablo O'Higgins","American"
"G. E. Kidder Smith","American"
"Theo H. Ballmer","Swiss"
"D. S. Martin","American"
"Giorgione","Italian"
"Frans Hals","Dutch"
"Utagawa Hiroshige","Japanese"
"Jean-Auguste-Dominique Ingres","French"
"Gregory Ain","American"
"Harris & Ewing/Times World Wide Photos","American"
"Friedrich Karl Gotsch","German"
"Eloise Howard","American"
"Aleksei Kravchenko","Russian"
"Paul R. Meltsner","American"
"Stavenitz","Nationality unknown"
"Edgar Kaufmann, Jr.","American"
"Thorvald A Hoyer","Dutch"
"Edward C. (""Pa"") Hunt","American"
"Frederick Papsdorf","American"
"Patrick J. Sullivan","American"
"Alfred Wallis","British"
"Jules Grandjouan","French"
"Nancy Newhall","American"
"James Thrall Soby","American"
"Alexander Alland","American"
"Keith James Aulik","Nationality unknown"
"Gerhard H. Bakker","American"
"Clarence Lincoln Block","Nationality unknown"
"Mildred Leo Clemens","Nationality unknown"
"Sam Cocomise","Nationality unknown"
"Marjory Collins","American"
"Hal Davidson","American"
"Faurest Davis","American"
"Richard Day","American"
"Victor De Palma","Nationality unknown"
"Arnold Eagle","American"
"Edward Enlin","American"
"Walker Farynk","Nationality unknown"
"Philip Fein","Nationality unknown"
"Albert Fenn","American"
"Henry G. Flannery","American"
"Q. O. Gilbert","Nationality unknown"
"Sid Grossman","American"
"John Gutmann","American"
"Elizabeth Harding","Nationality unknown"
"Robert Ingram","Nationality unknown"
"Jean Jackson","Nationality unknown"
"Alma R. Lavenson","American"
"Luis Lemus","American"
"Sol Libsohn","American"
"Betty Clark Little","American"
"Zell Mabee","Nationality unknown"
"Jack Manning","American"
"J. W. McManigal","American"
"Wright Morris","American"
"Joe Munroe","American"
"Roi Partridge","American"
"David Robbins","American"
"LeRoy Southward Robbins","American"
"Henry B. Robertson","American"
"John C. Rogers","Nationality unknown"
"Ralph Samuels","American"
"Gilbert H. Seaver","American"
"Arthur Siegel","American"
"Aaron Siskind","American"
"Orville Logan Snider","Nationality unknown"
"Frederick Sommer","American"
"Rolf Tietgens","Nationality unknown"
"Elizabeth Timberman","American"
"Walter G. Treadwell","American"
"Harriet M. Veissi","Nationality unknown"
"E. K. Waters","American"
"Ernest Weissman","Nationality unknown"
"Minor White","American"
"Barnes and Reinecke","Nationality unknown"
"Leslie Beaton","American"
"Eastman Kodak Company, Rochester, NY","American"
"Frances Felton","American"
"Martin Freeman","American"
"Simon Gate","Swedish"
"KO, Japan","Japanese"
"Ontario Knife Co., Ontario, NY","American"
"Plas-tex Corporation, Los Angeles, CA","American"
"The Richter & Phillips Co., Cincinatti, OH","American"
"Mary Rodney","American"
"Max Schling","American"
"The Stanley Works","American"
"Rex A. Stevens","American"
"David Swedlow","American"
"Swift & Anderson, Inc., Boston, MA","American"
"Scott Wilson","Scottish"
"Arnold Newman","American"
"Clifford and Rosemary Ellis","British"
"Weisgerber","Austrian"
"Wifredo Lam","Cuban"
"Maria Martins","Brazilian"
"Kurt W. Baasch","American"
"Frank Meadow Sutcliffe","British"
"Gjon Mili","American"
"Hyman Bloom","American"
"Emma Lu Davis","American"
"Donal Hord","American"
"Rico Lebrun","American"
"Octavio Medellin","American"
"Charles Hoff","American"
"Elliot Orr","American"
"Bernard Gussow","American"
"Richard Lahey","American"
"William H. Bell","American"
"Edward S. Curtis","American"
"James F. Gibson","American"
"John Hillers","American"
"William Henry Jackson","American"
"Carleton E. Watkins","American"
"Ben Wittick","American"
"John Wood","American"
"Charles Coiner","Nationality unknown"
"Olin Dows","American"
"Julian Binford","American"
"Jared French","American"
"William H. Johnson","American"
"Carl Morris","American"
"David Shapiro","American"
"Jean Metzinger","French"
"Charles Smith","American"
"Thomas Wilfred","American"
"Carl Sandburg","American"
"Jack Delano","American"
"Helen Margaret Post","American"
"Irving Rusinow","American"
"U.S. Army Air Force","American"
"U.S. Army Signal Corps","American"
"U.S. Navy","American"
"John Vachon","American"
"Marion Post Wolcott","American"
"George L. K. Morris","American"
"Saul Steinberg","American"
"Martin Baer","American"
"Arthur Osver","American"
"Walter Quirt","American"
"Kurt Roesch","American"
"Thelma Johnson Streat","American"
"Richard Taylor","Canadian"
"Nicholas Bentley","British"
"Abram Games","British"
"Frederick H. K. Henrion","British"
"Jan Lewitt","British"
"Herbert Tomlinson","British"
"Vernon DeMars","American"
"Burnham Hoyt","American"
"György Kepes","American"
"Robert Bruce Tague","American"
"Eric Isenburger","American"
"Reuven Rubin","Israeli"
"David Smith","American"
"Frederick Cooper","Peruvian"
"Cheng Sha Ping","Chinese"
"Lu Chu Chuan","Chinese"
"Pao Ch'i-chuan","Chinese"
"Frances Brennan","American"
"Victor Ancona","American"
"Karl Koehler","American"
"Henry Koerner","American"
"Johannes Larsen","Danish"
"Ben Nason","American"
"Constantino Nivola","American"
"Arabia, Wärtsilä Ab, Helsinki, Finland","Finnish"
"Joaquin Pottery Co., Stockton, CA","American"
"Johnson & Johnson Consumer Companies, Inc.","American"
"Peter Schlumbohm","American"
"Milton Avery","American"
"Richmond Barthe","American"
"Antonio Berni","Argentine"
"Giovanni Boldini","Italian"
"Alice Boughton","American"
"Leonora Carrington","British"
"Paul Delvaux","Belgian"
"Kees van Dongen","French"
"Luis Herrera Guevara","Chilean"
"Ferdinand Hodler","Swiss"
"Lotte Jacobi","American"
"Herman Landshoff","American"
"Leonid (Leonid Berman)","American"
"Juan O'Gorman","Mexican"
"Chana Orloff","French"
"Elsa Schmid","American"
"Juan Soriano","Mexican"
"Moses Soyer","American"
"William Steig","American"
"Ossip Zadkine","French"
"Anders Zorn","Swedish"
"Wesley Coe Doherty","American"
"Genevieve Naylor","American"
"Audrey Buller","American"
"Erastus Salisbury Field","American"
"Peter Hurd","American"
"John Frederick Kensett","American"
"William S Mount","American"
"Charles Rain","American"
"H. D. Rothschild","American"
"Harry Watrous","American"
"Andrew Wyeth","American"
"George Baker","American"
"Hervey Parke Clark","American"
"Luis Alberto Acuña","Colombian"
"Aleijadinho (Antonio Francisco Lisboa)","Brazilian"
"Pedro Americo de Figueiredo","Brazilian"
"Manuel Angeles Ortiz","Spanish"
"Olga Anhalzer-Fisch","Hungarian"
"Gonzalo Ariza","Colombian"
"Carlos Baca-Flor","Peruvian"
"Aquiles Badi","Argentine"
"Juan Antonio Ballester Peña","Argentine"
"Héctor Basaldua","Argentine"
"Edith Behring","Brazilian"
"Alfredo Bigatti","Argentine"
"Juan Manuel Blanes","Uruguayan"
"Camilo (Jésus Sanchez Urteaga) Blas","Peruvian"
"Norah Borges De Torre","Argentine"
"Angel Bracho","Mexican"
"Pablo Burchard","Chilean"
"Horacio A. Butler","Argentine"
"Federico Cantú","Mexican"
"José Bernardo Cardoso Jr.","Brazilian"
"Mario Carreño","Chilean"
"Clara Carrié","Argentine"
"Teresa Carvallo","Peruvian"
"Rodolfo V Castagna","Argentine"
"Pedro Castelar Báez","Mexican"
"Julia Codesido","Peruvian"
"Olga Costa","Mexican"
"Percy Deane","Brazilian"
"Nélida Demichelis","Argentine"
"Heitor dos Prazeres","Brazilian"
"Carlos Enríquez","Cuban"
"Jesús Escobedo","Mexican"
"Pancho Fierro","Peruvian"
"Pedro Figari","Uruguayan"
"Raquel Forner","Argentine"
"Jose Gil de Castro","Peruvian"
"Ramón Gómez Cornet","Argentine"
"Oswaldo Guayasamín","Ecuadorian"
"Xavier Guerrero","Mexican"
"Alfredo Guido","Argentine"
"Alberto da Veiga Guignard","Brazilian"
"Cecilio Guzmán de Rojas","Bolivian"
"Luis Alberto Heredia","Ecuadorian"
"Eduardo Kingman","Ecuadorian"
"Erwin Kraus","Colombian"
"Mauricio Lasansky","American"
"Gustavo Lazarini Terradas","Uruguayan"
"Fernando Leal","Mexican"
"Fernando López Anaya","Argentine"
"Mariano (Mariano Rodríguez)","Cuban"
"Luis Martínez Pedro","Cuban"
"Martínez Pintao (Manuel Martínez Pintao)","Mexican"
"Roberto Matta","Chilean"
"Waldimiro Melgarejo Muñoz","Argentine"
"Benjamín Molina","Mexican"
"Julio Montenegro","Colombian"
"Francisco (""Pancho"") Mora","Mexican"
"Isidoro Ocampo","Mexican"
"Carlos Orozco Romero","Mexican"
"Paulo Rossi Osir","Brazilian"
"María Catalina Otero Lamas","Argentine"
"Onofrio A. Pacenza","Argentine"
"José Pancetti","Brazilian"
"Diógenes Paredes","Ecuadorian"
"Amelia Peláez del Casal","Cuban"
"Emilio Pettoruti","Argentine"
"Georgette Pinet","Nationality unknown"
"Fidelio Ponce de León","Cuban"
"René Portocarrero","Cuban"
"Alfonso Ramírez Fajardo","Colombian"
"Teodoro Ramos Blanco","Cuban"
"Domingo Ravenet","Cuban"
"Francisco Rebolo Gonsales","Brazilian"
"Jesús Reyes Ferreira","Mexican"
"Israel Roa Villagra","Chilean"
"Attilio Rossi","Italian"
"José Sabogal","Peruvian"
"Tomás Santa Rosa Junior","Brazilian"
"Lasar Segall","Brazilian"
"Raúl Soldi","Argentine"
"Lino Eneas Spilimbergo","Argentine"
"Joaquín Torres-García","Uruguayan"
"Demetrio Urruchúa","Argentine"
"Mario Urteaga","Peruvian"
"Aida Vaisman","Argentine"
"Raúl Vargas","Chilean"
"Raúl Veroni","Argentine"
"Francisco Zuñiga","Mexican"
"Ernest Knee","American"
"José Dolores López","American"
"Mikhail Cheremnykh","Russian"
"Adolf Hoffmeister","Czech"
"Jewett Campbell","American"
"Jimmy Ernst","American"
"William Fett","American"
"Peter Grippe","American"
"Evsa Model","American"
"Domenico Mortellito","American"
"Isaac Lane Muse","American"
"U.S. Coast Guard","American"
"Alfred Eisenstaedt","American"
"Morris Engel","American"
"Andreas Feininger","American"
"Étienne-Jules Marey","French"
"Barbara Morgan","American"
"Erich Salomon","German"
"Philippe Halsman","American"
"Matthew Rackham Barnes","American"
"William Holbrook Beard","American"
"Albert Bierstadt","American"
"George Catlin","American"
"T. Chambers","American"
"Frederick Edwin Church","American"
"Charles Codman","American"
"Jasper Francis Cropsey","American"
"Edwin Dickinson","American"
"Thomas Doughty","American"
"Robert S. Duncanson","American"
"Asher Brown Durand","American"
"Martin Johnson Heade","American"
"Henry Inman","American"
"Edward Melcarth","American"
"Thomas Moran","American"
"Alton Pickens","American"
"Maurice Sievan","American"
"Elizabeth Sparhawk-Jones","American"
"Lilly Martin Spencer","American"
"Walter Stuempfig","American"
"Julia Thecla","American"
"John Vanderlyn","American"
"Benjamin West","American"
"Francesco Cristofanetti","American"
"Maud Morgan","American"
"Junius Redwood","American"
"Jean Cocteau","French"
"Suzanne Valadon","French"
"Willard D. Morgan","American"
"Roberto Diago","Cuban"
"Rafael Moreno","Cuban"
"Felipe Orlando","Cuban"
"W. Eugene Smith","American"
"Harry Bertoia","American"
"Walter Richard Sickert","British"
"Aino Aalto","Finnish"
"Egmont Arens","American"
"Christian Barman","British"
"Bell Telephone Laboratories","American"
"Peter Blake","British"
"Antonio Bonet","Spanish"
"W. Brooks Cavin Jr.","American"
"Calvert Coggeshall","American"
"Isaac I. Cole","American"
"Corona Typewriter Company, Inc., Groton, NY","American"
"The Dow Chemical Company, USA","American"
"Duramold Division of Fairchild Engine & Airplane Corp., New York","American"
"Charles Eames","American"
"Ray Eames","American"
"Ekco Products Co., Chicago, IL","American"
"Jorge Ferrari Hardoy","Argentine"
"Lamson & Goodnow, Shellberg Falls, MA","American"
"Bruno Mathsson","Swedish"
"McDonnell Aircraft Corp., St. Louis, MO","American"
"William H. Miller, Jr.","American"
"Davis J. Pratt","American"
"R & R Plastics, Inc., West Springfield, MA","American"
"John G. Rideout","American"
"Jens Risom","American"
"Joseph Rodgers & Sons, Ltd., Sheffield, England","British"
"Sears Roebuck and Company","American"
"Raphael S. Soriano","American"
"St. Regis Paper Co., Panelyte Div., New York, NY","American"
"Ezra Stoller","American"
"Trace And Warner","American"
"Henry Clemens van de Velde","Belgian"
"The Watertown Manufacturing Co., Watertown, CT","American"
"Eva Zeisel","American"
"Othmar H. Ammann","American"
"Ely Jacques Kahn","American"
"Reinhard & Hofmeister","American"
"Skidmore Owings & Merrill","American"
"Boris Aronson","American"
"Irene Aronson","American"
"Alexander Benois","Russian"
"Joan Junyer","American"
"Richard Lindner","American"
"Peter Piening","German"
"Marcel Vertes","Hungarian"
"Alexey Brodovitch","American"
"Jean Carlu","French"
"Thomas Eckersley","British"
"Fougasse (Cyril Kenneth Bird)","British"
"Hanns Herkendell","German"
"George Him","British"
"Huller","Swiss"
"Pat Keely","British"
"Max Lutzbacher","Swiss"
"Rapier","British"
"Otto Soglow","American"
"Niklaus Stoecklin","Swiss"
"Ladislav Sutnar","American"
"Gene Walther","Swiss"
"Charles Bierstadt","American"
"Joseph Breitenbach","American"
"Stanley T. Clough","American"
"Nicholas Ház","American"
"Dudley Lee","American"
"Albert Sands Southworth","American"
"Weegee (Arthur Fellig)","American"
"Cedric Wright","American"
"Jankel Adler","Polish"
"John Buckland-Wright","British"
"Werner Drewes","American"
"Perle Fine","American"
"Sue Fuller","American"
"Ian (Hugh Guiler) Hugo","American"
"Roderick Mead","American"
"Barbara Olmsted","Nationality unknown"
"Gabor Peterdi","American"
"Helen Phillips","American"
"André Racz","American"
"Anne Ryan","American"
"Julien Trevelyan","British"
"Raoul Ubac","Belgian"
"Roger Vieillard","French"
"Conrad Wise Chapman","American"
"Alonzo Chappel","American"
"Harvey T. Dunn","American"
"Seth Eastman","American"
"Edward Lamson Henry","American"
"T.L. Hornbrook","British"
"Emanuel Leutze","German"
"Thomas Nast","American"
"Horace Pippin","American"
"Jacob Lawrence","American"
"Bernard Rudofsky","American"
"Alden B. Dow","American"
"Virginia Admiral","American"
"Ben-Zion","American"
"Mary Callery","American"
"Stanley Cosgrove","Canadian"
"Camilo Egas","Ecuadorian"
"Dorothy Hood","American"
"Robert Motherwell","American"
"Honoré Sharrer","American"
"John Tunnard","British"
"André Adolphe-Eugène Disdéri","French"
"Dornac (a.k.a. Paul François Arnold Cardon)","French"
"Louis Arthur Ducos du Hauron","French"
"William Thompson","American"
"Auguste Vacquerie","French"
"G. A. Berg","Swedish"
"Hedrich-Blessing Photo Studio","American"
"Bella Chagall","Russian"
"Jackson Pollock","American"
"Louise Bourgeois","American"
"Marli Ehrman","American"
"Dorothy Liebes","American"
"Virginia Nepodal","American"
"Julius Shulman","American"
"Marianne Strengell","American"
"Angelo Testa","American"
"Henning Watterston","American"
"Aleksandr Vesnin","Russian"
"Almo, New York","American"
"American Optical Corp., Southbridge, MA","American"
"Imperial Glass Corp., Bellaire, OH","American"
"William J. Russell","American"
"Albert Urban","American"
"Carol Blanchard","American"
"John Masteller","American"
"Walter Curt Behrendt","German"
"Robert Osborn","American"
"Konrad Wachsmann","American"
"Boris Artzybasheff","Russian"
"Dorr Bothwell","American"
"Alfredo Boulton","Venezuelan"
"Harry Callahan","American"
"Howard Dearstyne","American"
"Max Dupain","Australian"
"Arthur Leipzig","American"
"Homer Page","American"
"Antonio Reynoso","Mexican"
"Todd Webb","American"
"Francis Bacon","British"
"Gustav Klimt","Austrian"
"Giorgio Morandi","Italian"
"Edward Wormley","American"
"David Aronson","American"
"Ben L. Culwell","American"
"David Hare","American"
"Theodore Roszak","American"
"George Tooker","American"
"Ward Bennett","American"
"Julio de Diego","Nationality unknown"
"Fannie Hillsmith","American"
"Julien Levy","American"
"Joanna Pousette-Dart","American"
"Rowland Emett","English"
"Al Banner","American"
"BMC Manufacturing Corp., USA","American"
"Cravell, Inc., Long Island, NY","American"
"Design Technics, Inc., New York, NY","American"
"Guldsmeds Aktiebolaget, Sweden","Swedish"
"Harry Handler","American"
"Edith Heath","American"
"Albin J. Herek","American"
"Thomas Higgins","American"
"A.L. Hirsch & Co., New York, NY","American"
"Karlsson & Nilsson, Sweden","Swedish"
"Florence Knoll","American"
"The Lighthouse (N.Y. Association For The Blind)","American"
"Louisville Tackle Co., Louisville, KY","American"
"Peter Müller-Munk","American"
"Nybro, Sweden","Swedish"
"Odelberg & Olson AB","Swedish"
"Reid-Hydge","Nationality unknown"
"Southern California Plastic Company","American"
"Hendrik Van Keppel","American"
"Victor Tool Co.","American"
"Gustav Eiffel","French"
"Josef Frank","Swedish"
"Antoni Gaudí","Spanish"
"Erwin Gutkind","German"
"Charles Rennie Mackintosh","British"
"William Morris","British"
"Richard Riemerschmid","German"
"Charles Francis Annesley Voysey","British"
"Philip Webb","British"
"Oronzio Maldarelli","American"
"Yvonne Delattre","Swiss"
"Alexander Girard","American"
"Corrado Cagli","American"
"Max Morise","French"
"Henri-Edmond Cross","French"
"Frederick H. Evans","British"
"Marius de Zayas","Mexican"
"Josep Lluís Sert","Spanish"
"Sigfried Giedion","Swiss"
"Robert Maillart","Swiss"
"André Giraud & Brousseau, Limoges, France","French"
"Hagbard Elis Bergh","Swedish"
"Charles D. Briddell","American"
"P. E. Camerer, St. Paul, MN","American"
"Collins Tools","American"
"Edward Condak","American"
"Harold Elberg","American"
"Karl Hagenauer","Austrian"
"Harvill Corp., Los Angeles, CA","American"
"Jack Heaney","American"
"Jon Hedu","American"
"Göran Hongell","Finnish"
"Hutzler Manufacturing Co.","American"
"Klearflax Linen Looms","American"
"Ed E. Langbein","American"
"Philip V. Leivo","American"
"John H. Lickert","American"
"Raymond Loewy","American"
"Dorothy F. Markle","American"
"Don Mortrude","American"
"Gertrud Natzler","American"
"Otto Natzler","American"
"Dean Pollock","American"
"Seguso S.R.L., Murano, Italy","Italian"
"Vernon P. Steele","American"
"Sylvania Electric Products, Inc., New York, NY","American"
"Earl S. Tupper","American"
"Wecolite Co., New York, NY","American"
"Leonard McCombe","American"
"Wayne Miller","American"
"Yousuf Karsh","Canadian"
"Adrian Siegel","American"
"William Baziotes","American"
"Enrico Donati","American"
"Adolph Gottlieb","American"
"Everardo Ramirez","Mexican"
"Charles Seliger","American"
"Theodoros Stamos","American"
"Harry Zolotow","American"
"Horace Armistead","American"
"Esteban Francés","Spanish"
"Thomas Lamb","American"
"Esther Bubley","American"
"Robert Capa","American"
"Ted Croner","American"
"Maya Deren","American"
"Louis Faurer","American"
"James Fitzsimmons","American"
"Fritz Goro","American"
"William Grigsby","American"
"Consuelo Kanaga","American"
"Toshio Matsumoto","Japanese"
"Marion Palfi","American"
"Gordon Parks","American"
"Irving Penn","American"
"Edward W. Quigley","American"
"Radio Corporation of America","American"
"David Seymour","American"
"Lou Stoumen","American"
"Vladimir Telberg-von-Teleheim","American"
"Dankmar Adler","American"
"William S. Lieberman","American"
"Carroll Cloar","American"
"Charles Moore","American"
"Bill Brandt","British"
"Tina Modotti","Italian"
"Paul Steiner","American"
"Paul Citroen","Dutch"
"Ronnie Elliott","American"
"John (born Helmut Herzfelde) Heartfield","German"
"William Kienbusch","American"
"Landès Lewitin","American"
"Pierre Naville","French"
"Benjamin Péret","French"
"Jacques Prévert","French"
"Jeannette Ducrocq Tanguy","French"
"Anne W. Brigman","American"
"F. Holland Day","American"
"Paul Haviland","French"
"William B. Post","American"
"George Bernard Shaw","Irish"
"Karl Struss","American"
"Eva Watson-Schütze","American"
"Henri Georges Adam","French"
"Françoise Desnoyer","French"
"André Fougeron","French"
"Édouard Pignon","French"
"Mario Prassinos","French"
"Félix Vallotton","French"
"Wols (A. O. Wolfgang Schulze)","German"
"Robert Colquhoun","British"
"Lucian Freud","British"
"Robert MacBryde","British"
"Marino Marini","Italian"
"Anchor Tool Co., USA","American"
"Alex J. Ettl","American"
"James J. Jacobson","American"
"Richard James","American"
"O. J. Kuker, Seattle, WA","American"
"The L.S. Starrett Co., Athol, MA","American"
"Waltham Screw Co.","American"
"Piero di Cosimo","Florentine"
"Christoffel Jegher","Flemish"
"Felix Klee","German"
"C. Whitney Bender","American"
"Bernard Perlin","American"
"Herman Rose","American"
"Attilio Salemme","American"
"Solomon D. Butcher","American"
"Jerry Cooke","American"
"Charles Corte","American"
"Sam Falk/The New York Times","American"
"Fred Hansen/Pacific and Atlantic Photos","Nationality unknown"
"Bernard Hoffman","American"
"Stanley Kubrick","American"
"Meyer Liebowitz/The New York Times","American"
"Carl Mydans","American"
"Jacob August Riis","American"
"Joe Rosenthal/Times World Wide Photos","American"
"William J. Shew","American"
"Howard Sochurek","American"
"Paul Thompson","American"
"John Thomson","British"
"Roberto Burle Marx","Brazilian"
"Milton Ackoff","American"
"Saul Bass","American"
"Lillian Bassman","American"
"Robert Cowan","American"
"Toni Frissell","American"
"Robert Gage","American"
"Richard Gangle","American"
"Paul Grotz","American"
"Charles Gwathmey","American"
"Horst P. Horst","American"
"Alexander Liberman","American"
"Leo Lionni","American"
"Sol Mednick","Nationality unknown"
"Erik Nitsche","Swiss"
"Bernard Pfriem","American"
"Paul Rand","American"
"Ben Rose","American"
"William Wood","American"
"Benjamin Baldwin","American"
"Eszter Haraszty","American"
"Juan Kurchan","Argentine"
"Vera Lisková","Czech"
"Adolph Loos","Austrian"
"Fritz Glarner","American"
"Irving Amen","American"
"Minna Citron","American"
"Jean Dubuffet","French"
"Antonio Frasconi","American"
"Raymond Jordan","American"
"Kenneth Kilstrom","American"
"Boris Margo","American"
"Harold Paris","American"
"Bernard Reder","American"
"Louis Schanker","American"
"Afro (Afro Basaldella)","Italian"
"Luigi Bartolini","Italian"
"Pompeo Borra","Italian"
"Felice Casorati","Italian"
"Bruno Cassinari","Italian"
"Fabrizio Clerici","Italian"
"Filippo De Pisis","Italian"
"Antonio Donghi","Italian"
"Pericle Fazzini","Italian"
"Salvatore Fiume","Italian"
"Lucio Fontana","Italian"
"Virgilio Guidi","Italian"
"Renato Guttuso","Italian"
"Stanislao Lepri","Italian"
"Giacomo Manzù","Italian"
"Arturo Martini","Italian"
"Marcello Muccini","Italian"
"Fausto Pirandello","Italian"
"Armando Pizzinato","Italian"
"Ottone Rosai","Italian"
"Giuseppe Santomaso","Italian"
"Ardegno Soffici","Italian"
"Renzo Vespignani","Italian"
"Alberto Viani","Italian"
"Giuseppe Viviani","Italian"
"Emile Gallé","French"
"Rene Lalique","French"
"Benvenuto Cellini","Florentine"
"Lúcio Costa","Brazilian"
"Philibert de l'Orme","French"
"Jorge Machado Moreira","Brazilian"
"Pier Luigi Nervi","Italian"
"Auguste Perret","French"
"Andrea del Pozzo","Italian"
"Paolo Veronese","Italian"
"J.S. Anderson","British"
"Toni Del Renzio","Nationality unknown"
"Hermann Eidenbenz","Swiss"
"Hans Erni","Swiss"
"Franco Grignani","Italian"
"Roland Joffé","British"
"Robert M. Jones","Nationality unknown"
"Ray Komai","American"
"Tom Lee","American"
"Alvin Lustig","American"
"Lee Mullican","American"
"Jacques Nathan-Garamond","French"
"Douglas Scott","British"
"Charles G. Shaw","American"
"Gyozo Szilas","Hungarian"
"Harry Mohr Weese","American"
"Jean Colin","French"
"Cusden","British"
"Peter Hatch","British"
"Jerzy Karolak","Polish"
"Libra Studio","Dutch"
"Eryk Lipinski","Polish"
"G. R. Morris","British"
"Bruno Munari","Italian"
"Gorin Schlosser","Czech"
"Georg Trump","German"
"James White","Canadian"
"Milton Wynne","American"
"Adolf Zabransky","German"
"Zero (Hans Schleger)","British"
"Lee Gatch","American"
"Stanton Macdonald-Wright","American"
"Reuben Tam","American"
"Allan Adler","American"
"Beatrice Albert","American"
"Robert Budlong","American"
"Kaj Franck","Finnish"
"W. T. Gossard","American"
"Hermann Gretsch","German"
"International Business Machines Corp., Armonk, NY","American"
"Ernst Lichtblau","American"
"Marcello Nizzoli","Italian"
"Gunnel Nyman","Finnish"
"P. Rigatti, Empoli, Italy","Italian"
"Gerda Strömberg","Swedish"
"Vollrath Co., Sheboygan, WI","American"
"Louis-Émile Durandelle","French"
"Gustave Le Gray","French"
"Ad Reinhardt","American"
"Mark Rothko","American"
"Hedda Sterne","American"
